{
    "samples": {
        "input": [
            [
                -0.25,
                0.0,
                0.1,
                -0.3090452261306533,
                -0.4748743718592965,
                0.42964824120603007,
                0.6407035175879394
            ]
        ],
        "output": [
            [
                0.5813554387190354,
                1.125,
                0.9383936913341397,
                0.4051833140168694,
                0.25799098974036005,
                -0.1921542856225502,
                -0.03022094964692299
            ]
        ]
    },
    "labels": {
        "input": [
            "X"
        ],
        "output": [
            "Y"
        ]
    }
}